<?xml version="1.0" encoding="UTF-8"?>
<tablero>
    <fila id="0" >
        <casillero num="0">pared</casillero>
        <casillero num="1">pared</casillero>
        <casillero num="2">pared</casillero>
        <casillero num="3">pared</casillero>
        <casillero num="4">pared</casillero>
        <casillero num="5">pared</casillero>
        <casillero num="6">pared</casillero>
        <casillero num="7">pared</casillero>
        <casillero num="8">pared</casillero>
        <casillero num="9">pared</casillero>
        <casillero num="10">pared</casillero>
        <casillero num="11">pared</casillero>
        <casillero num="12">pared</casillero>
        <casillero num="13">pared</casillero>
        <casillero num="14">pared</casillero>
        <casillero num="15">pared</casillero>
        <casillero num="16">pared</casillero>
        <casillero num="17">pared</casillero>
        <casillero num="18">pared</casillero>
        <casillero num="19">pared</casillero>
        <casillero num="20">pared</casillero>
        <casillero num="21">pared</casillero>
        <casillero num="22">pared</casillero>
        <casillero num="23">pared</casillero>
        <casillero num="24">pared</casillero>
        <casillero num="25">pared</casillero>
        <casillero num="26">pared</casillero>
        <casillero num="27">pared</casillero>
    </fila>
    
    <fila id="1">
        <casillero num="0">pared</casillero>
        <casillero num="1">semilla</casillero>
        <casillero num="2">semilla</casillero>
        <casillero num="3">semilla</casillero>
        <casillero num="4">PuntoDePoder</casillero>
        <casillero num="5">semilla</casillero>
        <casillero num="6">semilla</casillero>
        <casillero num="7">semilla</casillero>
        <casillero num="8">semilla</casillero>
        <casillero num="9">semilla</casillero>
        <casillero num="10">semilla</casillero>
        <casillero num="11">semilla</casillero>
        <casillero num="12">semilla</casillero>
        <casillero num="13">pared</casillero>
        <casillero num="14">pared</casillero>
        <casillero num="15">semilla</casillero>
        <casillero num="16">semilla</casillero>
        <casillero num="17">semilla</casillero>
        <casillero num="18">semilla</casillero>
        <casillero num="19">semilla</casillero>
        <casillero num="20">semilla</casillero>
        <casillero num="21">semilla</casillero>
        <casillero num="22">semilla</casillero>
        <casillero num="23">PuntoDePoder</casillero>
        <casillero num="24">semilla</casillero>
        <casillero num="25">semilla</casillero>
        <casillero num="26">semilla</casillero>
        <casillero num="27">pared</casillero>
    </fila>
    
    <fila id="2">
        <casillero num="0">pared</casillero>
        <casillero num="1">semilla</casillero>
        <casillero num="2">pared</casillero>
        <casillero num="3">pared</casillero>
        <casillero num="4">pared</casillero>
        <casillero num="5">pared</casillero>
        <casillero num="6">semilla</casillero>
        <casillero num="7">pared</casillero>
        <casillero num="8">pared</casillero>
        <casillero num="9">pared</casillero>
        <casillero num="10">pared</casillero>
        <casillero num="11">pared</casillero>
        <casillero num="12">semilla</casillero>
        <casillero num="13">pared</casillero>
        <casillero num="14">pared</casillero>
        <casillero num="15">semilla</casillero>
        <casillero num="16">pared</casillero>
        <casillero num="17">pared</casillero>
        <casillero num="18">pared</casillero>
        <casillero num="19">pared</casillero>
        <casillero num="20">pared</casillero>
        <casillero num="21">semilla</casillero>
        <casillero num="22">pared</casillero>
        <casillero num="23">pared</casillero>
        <casillero num="24">pared</casillero>
        <casillero num="25">pared</casillero>
        <casillero num="26">semilla</casillero>
        <casillero num="27">pared</casillero>
    </fila>
    
    
    <fila id="3">
        <casillero num="0">pared</casillero>
        <casillero num="1">semilla</casillero>
        <casillero num="2">pared</casillero>
        <casillero num="3">pared</casillero>
        <casillero num="4">pared</casillero>
        <casillero num="5">pared</casillero>
        <casillero num="6">semilla</casillero>
        <casillero num="7">pared</casillero>
        <casillero num="8">pared</casillero>
        <casillero num="9">pared</casillero>
        <casillero num="10">pared</casillero>
        <casillero num="11">pared</casillero>
        <casillero num="12">semilla</casillero>
        <casillero num="13">pared</casillero>
        <casillero num="14">pared</casillero>
        <casillero num="15">semilla</casillero>
        <casillero num="16">pared</casillero>
        <casillero num="17">pared</casillero>
        <casillero num="18">pared</casillero>
        <casillero num="19">pared</casillero>
        <casillero num="20">pared</casillero>
        <casillero num="21">semilla</casillero>
        <casillero num="22">pared</casillero>
        <casillero num="23">pared</casillero>
        <casillero num="24">pared</casillero>
        <casillero num="25">pared</casillero>
        <casillero num="26">semilla</casillero>
        <casillero num="27">pared</casillero>
    </fila>
    
    <fila id="4">
        <casillero num="0">pared</casillero>
        <casillero num="1">semilla</casillero>
        <casillero num="2">semilla</casillero>
        <casillero num="3">semilla</casillero>
        <casillero num="4">semilla</casillero>
        <casillero num="5">semilla</casillero>
        <casillero num="6">semilla</casillero>
        <casillero num="7">semilla</casillero>
        <casillero num="8">semilla</casillero>
        <casillero num="9">semilla</casillero>
        <casillero num="10">semilla</casillero>
        <casillero num="11">semilla</casillero>
        <casillero num="12">semilla</casillero>
        <casillero num="13">semilla</casillero>
        <casillero num="14">semilla</casillero>
        <casillero num="15">semilla</casillero>
        <casillero num="16">semilla</casillero>
        <casillero num="17">semilla</casillero>
        <casillero num="18">semilla</casillero>
        <casillero num="19">semilla</casillero>
        <casillero num="20">semilla</casillero>
        <casillero num="21">semilla</casillero>
        <casillero num="22">semilla</casillero>
        <casillero num="23">semilla</casillero>
        <casillero num="24">semilla</casillero>
        <casillero num="25">semilla</casillero>
        <casillero num="26">semilla</casillero>
        <casillero num="27">pared</casillero>
    </fila>
    
    <fila id="5">
        <casillero num="0">pared</casillero>
        <casillero num="1">semilla</casillero>
        <casillero num="2">pared</casillero>
        <casillero num="3">pared</casillero>
        <casillero num="4">pared</casillero>
        <casillero num="5">pared</casillero>
        <casillero num="6">semilla</casillero>
        <casillero num="7">pared</casillero>
        <casillero num="8">pared</casillero>
        <casillero num="9">semilla</casillero>
        <casillero num="10">pared</casillero>
        <casillero num="11">pared</casillero>
        <casillero num="12">pared</casillero>
        <casillero num="13">pared</casillero>
        <casillero num="14">pared</casillero>
        <casillero num="15">pared</casillero>
        <casillero num="16">pared</casillero>
        <casillero num="17">pared</casillero>
        <casillero num="18">semilla</casillero>
        <casillero num="19">pared</casillero>
        <casillero num="20">pared</casillero>
        <casillero num="21">semilla</casillero>
        <casillero num="22">pared</casillero>
        <casillero num="23">pared</casillero>
        <casillero num="24">pared</casillero>
        <casillero num="25">pared</casillero>
        <casillero num="26">semilla</casillero>
        <casillero num="27">pared</casillero>
    </fila>
    <fila id="6">
        <casillero num="0">pared</casillero>
        <casillero num="1">semilla</casillero>
        <casillero num="2">pared</casillero>
        <casillero num="3">pared</casillero>
        <casillero num="4">pared</casillero>
        <casillero num="5">pared</casillero>
        <casillero num="6">semilla</casillero>
        <casillero num="7">pared</casillero>
        <casillero num="8">pared</casillero>
        <casillero num="9">semilla</casillero>
        <casillero num="10">pared</casillero>
        <casillero num="11">pared</casillero>
        <casillero num="12">pared</casillero>
        <casillero num="13">pared</casillero>
        <casillero num="14">pared</casillero>
        <casillero num="15">pared</casillero>
        <casillero num="16">pared</casillero>
        <casillero num="17">pared</casillero>
        <casillero num="18">semilla</casillero>
        <casillero num="19">pared</casillero>
        <casillero num="20">pared</casillero>
        <casillero num="21">semilla</casillero>
        <casillero num="22">pared</casillero>
        <casillero num="23">pared</casillero>
        <casillero num="24">pared</casillero>
        <casillero num="25">pared</casillero>
        <casillero num="26">semilla</casillero>
        <casillero num="27">pared</casillero>
    </fila>
    <fila id="7">
        <casillero num="0">pared</casillero>
        <casillero num="1">semilla</casillero>
        <casillero num="2">semilla</casillero>
        <casillero num="3">semilla</casillero>
        <casillero num="4">semilla</casillero>
        <casillero num="5">semilla</casillero>
        <casillero num="6">semilla</casillero>
        <casillero num="7">pared</casillero>
        <casillero num="8">pared</casillero>
        <casillero num="9">semilla</casillero>
        <casillero num="10">semilla</casillero>
        <casillero num="11">semilla</casillero>
        <casillero num="12">semilla</casillero>
        <casillero num="13">pared</casillero>
        <casillero num="14">pared</casillero>
        <casillero num="15">semilla</casillero>
        <casillero num="16">semilla</casillero>
        <casillero num="17">semilla</casillero>
        <casillero num="18">semilla</casillero>
        <casillero num="19">pared</casillero>
        <casillero num="20">pared</casillero>
        <casillero num="21">semilla</casillero>
        <casillero num="22">semilla</casillero>
        <casillero num="23">semilla</casillero>
        <casillero num="24">semilla</casillero>
        <casillero num="25">semilla</casillero>
        <casillero num="26">semilla</casillero>
        <casillero num="27">pared</casillero>
    </fila>
    <fila id="8">
        <casillero num="0">pared</casillero>
        <casillero num="1">pared</casillero>
        <casillero num="2">pared</casillero>
        <casillero num="3">pared</casillero>
        <casillero num="4">pared</casillero>
        <casillero num="5">pared</casillero>
        <casillero num="6">semilla</casillero>
        <casillero num="7">pared</casillero>
        <casillero num="8">pared</casillero>
        <casillero num="9">pared</casillero>
        <casillero num="10">pared</casillero>
        <casillero num="11">pared</casillero>
        <casillero num="12">semilla</casillero>
        <casillero num="13">pared</casillero>
        <casillero num="14">pared</casillero>
        <casillero num="15">semilla</casillero>
        <casillero num="16">pared</casillero>
        <casillero num="17">pared</casillero>
        <casillero num="18">pared</casillero>
        <casillero num="19">pared</casillero>
        <casillero num="20">pared</casillero>
        <casillero num="21">semilla</casillero>
        <casillero num="22">pared</casillero>
        <casillero num="23">pared</casillero>
        <casillero num="24">pared</casillero>
        <casillero num="25">pared</casillero>
        <casillero num="26">pared</casillero>
        <casillero num="27">pared</casillero>
    </fila>
    <fila id="9">
        <casillero num="0">pared</casillero>
        <casillero num="1">pared</casillero>
        <casillero num="2">pared</casillero>
        <casillero num="3">pared</casillero>
        <casillero num="4">pared</casillero>
        <casillero num="5">pared</casillero>
        <casillero num="6">semilla</casillero>
        <casillero num="7">pared</casillero>
        <casillero num="8">pared</casillero>
        <casillero num="9">pared</casillero>
        <casillero num="10">pared</casillero>
        <casillero num="11">pared</casillero>
        <casillero num="12">semilla</casillero>
        <casillero num="13">pared</casillero>
        <casillero num="14">pared</casillero>
        <casillero num="15">semilla</casillero>
        <casillero num="16">pared</casillero>
        <casillero num="17">pared</casillero>
        <casillero num="18">pared</casillero>
        <casillero num="19">pared</casillero>
        <casillero num="20">pared</casillero>
        <casillero num="21">semilla</casillero>
        <casillero num="22">pared</casillero>
        <casillero num="23">pared</casillero>
        <casillero num="24">pared</casillero>
        <casillero num="25">pared</casillero>
        <casillero num="26">pared</casillero>
        <casillero num="27">pared</casillero>
    </fila>
    
    <fila id="10">
        <casillero num="0">pared</casillero>
        <casillero num="1">pared</casillero>
        <casillero num="2">pared</casillero>
        <casillero num="3">pared</casillero>
        <casillero num="4">pared</casillero>
        <casillero num="5">pared</casillero>
        <casillero num="6">semilla</casillero>
        <casillero num="7">pared</casillero>
        <casillero num="8">pared</casillero>
        <casillero num="9">semilla</casillero>
        <casillero num="10">semilla</casillero>
        <casillero num="11">semilla</casillero>
        <casillero num="12">semilla</casillero>
        <casillero num="13">semilla</casillero>
        <casillero num="14">semilla</casillero>
        <casillero num="15">semilla</casillero>
        <casillero num="16">semilla</casillero>
        <casillero num="17">semilla</casillero>
        <casillero num="18">semilla</casillero>
        <casillero num="19">pared</casillero>
        <casillero num="20">pared</casillero>
        <casillero num="21">semilla</casillero>
        <casillero num="22">pared</casillero>
        <casillero num="23">pared</casillero>
        <casillero num="24">pared</casillero>
        <casillero num="25">pared</casillero>
        <casillero num="26">pared</casillero>
        <casillero num="27">pared</casillero>
    </fila>
    
   
    <fila id="11">
        <casillero num="0">pared</casillero>
        <casillero num="1">pared</casillero>
        <casillero num="2">pared</casillero>
        <casillero num="3">pared</casillero>
        <casillero num="4">pared</casillero>
        <casillero num="5">pared</casillero>
        <casillero num="6">semilla</casillero>
        <casillero num="7">pared</casillero>
        <casillero num="8">pared</casillero>
        <casillero num="9">semilla</casillero>
        <casillero num="10">pared</casillero>
        <casillero num="11">pared</casillero>
        <casillero num="12">casa</casillero>
        <casillero num="13">casa</casillero>
        <casillero num="14">casa</casillero>
        <casillero num="15">casa</casillero>
        <casillero num="16">pared</casillero>
        <casillero num="17">pared</casillero>
        <casillero num="18">semilla</casillero>
        <casillero num="19">pared</casillero>
        <casillero num="20">pared</casillero>
        <casillero num="21">semilla</casillero>
        <casillero num="22">pared</casillero>
        <casillero num="23">pared</casillero>
        <casillero num="24">pared</casillero>
        <casillero num="25">pared</casillero>
        <casillero num="26">pared</casillero>
        <casillero num="27">pared</casillero>
    </fila>
    <fila id="12">
        <casillero num="0">pared</casillero>
        <casillero num="1">pared</casillero>
        <casillero num="2">pared</casillero>
        <casillero num="3">pared</casillero>
        <casillero num="4">pared</casillero>
        <casillero num="5">pared</casillero>
        <casillero num="6">semilla</casillero>
        <casillero num="7">semilla</casillero>
        <casillero num="8">semilla</casillero>
        <casillero num="9">semilla</casillero>
        <casillero num="10">pared</casillero>
        <casillero num="11">pared</casillero>
        <casillero num="12">pared</casillero>
        <casillero num="13">pared</casillero>
        <casillero num="14">pared</casillero>
        <casillero num="15">pared</casillero>
        <casillero num="16">pared</casillero>
        <casillero num="17">pared</casillero>
        <casillero num="18">semilla</casillero>
        <casillero num="19">semilla</casillero>
        <casillero num="20">semilla</casillero>
        <casillero num="21">semilla</casillero>
        <casillero num="22">pared</casillero>
        <casillero num="23">pared</casillero>
        <casillero num="24">pared</casillero>
        <casillero num="25">pared</casillero>
        <casillero num="26">pared</casillero>
        <casillero num="27">pared</casillero>
    </fila>
    <fila id="13">
        <casillero num="0">pared</casillero>
        <casillero num="1">pared</casillero>
        <casillero num="2">pared</casillero>
        <casillero num="3">pared</casillero>
        <casillero num="4">pared</casillero>
        <casillero num="5">pared</casillero>
        <casillero num="6">semilla</casillero>
        <casillero num="7">pared</casillero>
        <casillero num="8">pared</casillero>
        <casillero num="9">semilla</casillero>
        <casillero num="10">pared</casillero>
        <casillero num="11">pared</casillero>
        <casillero num="12">pared</casillero>
        <casillero num="13">pared</casillero>
        <casillero num="14">pared</casillero>
        <casillero num="15">pared</casillero>
        <casillero num="16">pared</casillero>
        <casillero num="17">pared</casillero>
        <casillero num="18">semilla</casillero>
        <casillero num="19">pared</casillero>
        <casillero num="20">pared</casillero>
        <casillero num="21">semilla</casillero>
        <casillero num="22">pared</casillero>
        <casillero num="23">pared</casillero>
        <casillero num="24">pared</casillero>
        <casillero num="25">pared</casillero>
        <casillero num="26">pared</casillero>
        <casillero num="27">pared</casillero>
    </fila>
       
    <fila id="14">
        <casillero num="0">pared</casillero>
        <casillero num="1">pared</casillero>
        <casillero num="2">pared</casillero>
        <casillero num="3">pared</casillero>
        <casillero num="4">pared</casillero>
        <casillero num="5">pared</casillero>
        <casillero num="6">semilla</casillero>
        <casillero num="7">pared</casillero>
        <casillero num="8">pared</casillero>
        <casillero num="9">semilla</casillero>
        <casillero num="10">pared</casillero>
        <casillero num="11">pared</casillero>
        <casillero num="12">casa</casillero>
        <casillero num="13">casa</casillero>
        <casillero num="14">casa</casillero>
        <casillero num="15">casa</casillero>
        <casillero num="16">pared</casillero>
        <casillero num="17">pared</casillero>
        <casillero num="18">semilla</casillero>
        <casillero num="19">pared</casillero>
        <casillero num="20">pared</casillero>
        <casillero num="21">semilla</casillero>
        <casillero num="22">pared</casillero>
        <casillero num="23">pared</casillero>
        <casillero num="24">pared</casillero>
        <casillero num="25">pared</casillero>
        <casillero num="26">pared</casillero>
        <casillero num="27">pared</casillero>
    </fila>
    <fila id="15">
        <casillero num="0">pared</casillero>
        <casillero num="1">pared</casillero>
        <casillero num="2">pared</casillero>
        <casillero num="3">pared</casillero>
        <casillero num="4">pared</casillero>
        <casillero num="5">pared</casillero>
        <casillero num="6">semilla</casillero>
        <casillero num="7">pared</casillero>
        <casillero num="8">pared</casillero>
        <casillero num="9">semilla</casillero>
        <casillero num="10">semilla</casillero>
        <casillero num="11">semilla</casillero>
        <casillero num="12">semilla</casillero>
        <casillero num="13">premioVida</casillero>
        <casillero num="14">premioRojo</casillero>
        <casillero num="15">semilla</casillero>
        <casillero num="16">semilla</casillero>
        <casillero num="17">semilla</casillero>
        <casillero num="18">semilla</casillero>
        <casillero num="19">pared</casillero>
        <casillero num="20">pared</casillero>
        <casillero num="21">semilla</casillero>
        <casillero num="22">pared</casillero>
        <casillero num="23">pared</casillero>
        <casillero num="24">pared</casillero>
        <casillero num="25">pared</casillero>
        <casillero num="26">pared</casillero>
        <casillero num="27">pared</casillero>
    </fila>
    <fila id="16">
        <casillero num="0">pared</casillero>
        <casillero num="1">pared</casillero>
        <casillero num="2">pared</casillero>
        <casillero num="3">pared</casillero>
        <casillero num="4">pared</casillero>
        <casillero num="5">pared</casillero>
        <casillero num="6">semilla</casillero>
        <casillero num="7">pared</casillero>
        <casillero num="8">pared</casillero>
        <casillero num="9">pared</casillero>
        <casillero num="10">pared</casillero>
        <casillero num="11">pared</casillero>
        <casillero num="12">semilla</casillero>
        <casillero num="13">pared</casillero>
        <casillero num="14">pared</casillero>
        <casillero num="15">semilla</casillero>
        <casillero num="16">pared</casillero>
        <casillero num="17">pared</casillero>
        <casillero num="18">pared</casillero>
        <casillero num="19">pared</casillero>
        <casillero num="20">pared</casillero>
        <casillero num="21">semilla</casillero>
        <casillero num="22">pared</casillero>
        <casillero num="23">pared</casillero>
        <casillero num="24">pared</casillero>
        <casillero num="25">pared</casillero>
        <casillero num="26">pared</casillero>
        <casillero num="27">pared</casillero>
    </fila>
    <fila id="17">
        <casillero num="0">pared</casillero>
        <casillero num="1">pared</casillero>
        <casillero num="2">pared</casillero>
        <casillero num="3">pared</casillero>
        <casillero num="4">pared</casillero>
        <casillero num="5">pared</casillero>
        <casillero num="6">semilla</casillero>
        <casillero num="7">pared</casillero>
        <casillero num="8">pared</casillero>
        <casillero num="9">pared</casillero>
        <casillero num="10">pared</casillero>
        <casillero num="11">pared</casillero>
        <casillero num="12">semilla</casillero>
        <casillero num="13">pared</casillero>
        <casillero num="14">pared</casillero>
        <casillero num="15">semilla</casillero>
        <casillero num="16">pared</casillero>
        <casillero num="17">pared</casillero>
        <casillero num="18">pared</casillero>
        <casillero num="19">pared</casillero>
        <casillero num="20">pared</casillero>
        <casillero num="21">semilla</casillero>
        <casillero num="22">pared</casillero>
        <casillero num="23">pared</casillero>
        <casillero num="24">pared</casillero>
        <casillero num="25">pared</casillero>
        <casillero num="26">pared</casillero>
        <casillero num="27">pared</casillero>
    </fila>
    <fila id="18">
        <casillero num="0">pared</casillero>
        <casillero num="1">semilla</casillero>
        <casillero num="2">semilla</casillero>
        <casillero num="3">semilla</casillero>
        <casillero num="4">semilla</casillero>
        <casillero num="5">semilla</casillero>
        <casillero num="6">semilla</casillero>
        <casillero num="7">pared</casillero>
        <casillero num="8">pared</casillero>
        <casillero num="9">semilla</casillero>
        <casillero num="10">semilla</casillero>
        <casillero num="11">semilla</casillero>
        <casillero num="12">semilla</casillero>
        <casillero num="13">pared</casillero>
        <casillero num="14">pared</casillero>
        <casillero num="15">semilla</casillero>
        <casillero num="16">semilla</casillero>
        <casillero num="17">semilla</casillero>
        <casillero num="18">semilla</casillero>
        <casillero num="19">pared</casillero>
        <casillero num="20">pared</casillero>
        <casillero num="21">semilla</casillero>
        <casillero num="22">semilla</casillero>
        <casillero num="23">semilla</casillero>
        <casillero num="24">semilla</casillero>
        <casillero num="25">semilla</casillero>
        <casillero num="26">semilla</casillero>
        <casillero num="27">pared</casillero>
    </fila>
    <fila id="19">
        <casillero num="0">pared</casillero>
        <casillero num="1">semilla</casillero>
        <casillero num="2">pared</casillero>
        <casillero num="3">pared</casillero>
        <casillero num="4">pared</casillero>
        <casillero num="5">pared</casillero>
        <casillero num="6">semilla</casillero>
        <casillero num="7">pared</casillero>
        <casillero num="8">pared</casillero>
        <casillero num="9">semilla</casillero>
        <casillero num="10">pared</casillero>
        <casillero num="11">pared</casillero>
        <casillero num="12">pared</casillero>
        <casillero num="13">pared</casillero>
        <casillero num="14">pared</casillero>
        <casillero num="15">pared</casillero>
        <casillero num="16">pared</casillero>
        <casillero num="17">pared</casillero>
        <casillero num="18">semilla</casillero>
        <casillero num="19">pared</casillero>
        <casillero num="20">pared</casillero>
        <casillero num="21">semilla</casillero>
        <casillero num="22">pared</casillero>
        <casillero num="23">pared</casillero>
        <casillero num="24">pared</casillero>
        <casillero num="25">pared</casillero>
        <casillero num="26">semilla</casillero>
        <casillero num="27">pared</casillero>
    </fila>
    <fila id="20">
        <casillero num="0">pared</casillero>
        <casillero num="1">semilla</casillero>
        <casillero num="2">pared</casillero>
        <casillero num="3">pared</casillero>
        <casillero num="4">pared</casillero>
        <casillero num="5">pared</casillero>
        <casillero num="6">semilla</casillero>
        <casillero num="7">pared</casillero>
        <casillero num="8">pared</casillero>
        <casillero num="9">semilla</casillero>
        <casillero num="10">pared</casillero>
        <casillero num="11">pared</casillero>
        <casillero num="12">pared</casillero>
        <casillero num="13">pared</casillero>
        <casillero num="14">pared</casillero>
        <casillero num="15">pared</casillero>
        <casillero num="16">pared</casillero>
        <casillero num="17">pared</casillero>
        <casillero num="18">semilla</casillero>
        <casillero num="19">pared</casillero>
        <casillero num="20">pared</casillero>
        <casillero num="21">semilla</casillero>
        <casillero num="22">pared</casillero>
        <casillero num="23">pared</casillero>
        <casillero num="24">pared</casillero>
        <casillero num="25">pared</casillero>
        <casillero num="26">semilla</casillero>
        <casillero num="27">pared</casillero>
    </fila>
    <fila id="21">
        <casillero num="0">pared</casillero>
        <casillero num="1">semilla</casillero>
        <casillero num="2">semilla</casillero>
        <casillero num="3">semilla</casillero>
        <casillero num="4">semilla</casillero>
        <casillero num="5">semilla</casillero>
        <casillero num="6">semilla</casillero>
        <casillero num="7">semilla</casillero>
        <casillero num="8">semilla</casillero>
        <casillero num="9">semilla</casillero>
        <casillero num="10">semilla</casillero>
        <casillero num="11">semilla</casillero>
        <casillero num="12">semilla</casillero>
        <casillero num="13">semilla</casillero>
        <casillero num="14">semilla</casillero>
        <casillero num="15">semilla</casillero>
        <casillero num="16">semilla</casillero>
        <casillero num="17">semilla</casillero>
        <casillero num="18">semilla</casillero>
        <casillero num="19">semilla</casillero>
        <casillero num="20">semilla</casillero>
        <casillero num="21">semilla</casillero>
        <casillero num="22">semilla</casillero>
        <casillero num="23">semilla</casillero>
        <casillero num="24">semilla</casillero>
        <casillero num="25">semilla</casillero>
        <casillero num="26">semilla</casillero>
        <casillero num="27">pared</casillero>
    </fila>
    
    <fila id="22">
        <casillero num="0">pared</casillero>
        <casillero num="1">semilla</casillero>
        <casillero num="2">pared</casillero>
        <casillero num="3">pared</casillero>
        <casillero num="4">pared</casillero>
        <casillero num="5">pared</casillero>
        <casillero num="6">semilla</casillero>
        <casillero num="8">pared</casillero>
        <casillero num="8">pared</casillero>
        <casillero num="9">pared</casillero>
        <casillero num="10">pared</casillero>
        <casillero num="11">pared</casillero>
        <casillero num="12">semilla</casillero>
        <casillero num="13">pared</casillero>
        <casillero num="14">pared</casillero>
        <casillero num="15">semilla</casillero>
        <casillero num="16">pared</casillero>
        <casillero num="17">pared</casillero>
        <casillero num="18">pared</casillero>
        <casillero num="19">pared</casillero>
        <casillero num="20">pared</casillero>
        <casillero num="21">semilla</casillero>
        <casillero num="22">pared</casillero>
        <casillero num="23">pared</casillero>
        <casillero num="24">pared</casillero>
        <casillero num="25">pared</casillero>
        <casillero num="26">semilla</casillero>
        <casillero num="27">pared</casillero>
    </fila>
    <fila id="23">
        <casillero num="0">pared</casillero>
        <casillero num="1">semilla</casillero>
        <casillero num="2">semilla</casillero>
        <casillero num="3">semilla</casillero>
        <casillero num="4">PuntoDePoder</casillero>
        <casillero num="5">semilla</casillero>
        <casillero num="6">semilla</casillero>
        <casillero num="7">semilla</casillero>
        <casillero num="8">semilla</casillero>
        <casillero num="9">semilla</casillero>
        <casillero num="10">semilla</casillero>
        <casillero num="11">semilla</casillero>
        <casillero num="12">semilla</casillero>
        <casillero num="13">pared</casillero>
        <casillero num="14">pared</casillero>
        <casillero num="15">semilla</casillero>
        <casillero num="16">semilla</casillero>
        <casillero num="17">semilla</casillero>
        <casillero num="18">semilla</casillero>
        <casillero num="19">semilla</casillero>
        <casillero num="20">semilla</casillero>
        <casillero num="21">semilla</casillero>
        <casillero num="22">semilla</casillero>
        <casillero num="23">PuntoDePoder</casillero>
        <casillero num="24">semilla</casillero>
        <casillero num="25">semilla</casillero>
        <casillero num="26">semilla</casillero>
        <casillero num="27">pared</casillero>
    </fila>
    <fila id="24">
        <casillero num="0">pared</casillero>
        <casillero num="1">pared</casillero>
        <casillero num="2">pared</casillero>
        <casillero num="3">pared</casillero>
        <casillero num="4">pared</casillero>
        <casillero num="5">pared</casillero>
        <casillero num="6">pared</casillero>
        <casillero num="7">pared</casillero>
        <casillero num="8">pared</casillero>
        <casillero num="9">pared</casillero>
        <casillero num="10">pared</casillero>
        <casillero num="11">pared</casillero>
        <casillero num="12">pared</casillero>
        <casillero num="13">pared</casillero>
        <casillero num="14">pared</casillero>
        <casillero num="15">pared</casillero>
        <casillero num="16">pared</casillero>
        <casillero num="17">pared</casillero>
        <casillero num="18">pared</casillero>
        <casillero num="19">pared</casillero>
        <casillero num="20">pared</casillero>
        <casillero num="21">pared</casillero>
        <casillero num="22">pared</casillero>
        <casillero num="23">pared</casillero>
        <casillero num="24">pared</casillero>
        <casillero num="25">pared</casillero>
        <casillero num="26">pared</casillero>
        <casillero num="27">pared</casillero>
    </fila>
</tablero>
